{"mean": [0.5630118936418214, 0.07759328455324029, 0.5150142273066824, -0.32810929233225944, 0.04405739562519277, 0.04628579857139292, 0.12293792761800922], "std": [0.047249641643530106, 0.14667055677417498, 0.13322111863083225, 0.8988895683216995, 0.17994948483911108, 0.10334058800621124, 0.14860544669845313]}